name,nevents,money,drivedist,ROUNDS,gir,avgputts
Tiger Woods,20,9188321,298,82,75.15,1.717
Phil Mickelson,23,4746457,288.7,85,68.06,1.726
Ernie Els,20,3469405,278.4,74,66.49,1.749
Hal Sutton,25,3061444,275.4,93,69.73,1.773
Vijay Singh,26,2573835,279.9,97,71.09,1.779
Mike Weir,28,2547829,272.2,102,68.48,1.74
David Duval,19,2462846,283.5,73,70.46,1.751
Jesper Parnevik,20,2413345,273.3,71,65.97,1.742
Davis Love III,25,2337765,288.7,98,69,1.749
Stewart Cink,27,2169727,277.8,98,69.11,1.756
Kirk Triplett,28,2099943,273.4,101,69.71,1.75
Tom Lehman,21,2068499,273,71,70.26,1.793
Steve Flesch,32,2025781,279.2,123,70.75,1.748
Justin Leonard,28,2023465,272.7,98,67.79,1.757
David Toms,31,2002068,275.2,113,70.16,1.762
Robert Allenby,26,1968685,285.8,98,67.28,1.778
Jim Furyk,25,1940519,269.9,98,68.01,1.757
Loren Roberts,24,1932280,257.9,87,66.19,1.747
Chris DiMarco,33,1842221,277.6,118,69.25,1.753
Notah Begay III,24,1819323,273.3,82,65.69,1.807
Nick Price,18,1804433,273.2,63,67.96,1.749
Scott Verplank,28,1747643,268.6,106,69.6,1.755
Mark Calcavecchia,28,1702317,279.7,99,68.94,1.767
Stuart Appleby,24,1642221,286.4,86,65.51,1.753
John Huston,23,1631695,273.8,81,66.6,1.751
Franklin Langham,28,1604952,273.3,95,67.46,1.744
Paul Azinger,20,1597139,277.5,73,65.36,1.733
Chris Perry,31,1563115,274.8,109,71.2,1.76
Bob May,26,1557720,276.4,95,70.11,1.779
Carlos Franco,24,1550592,275.2,85,64.91,1.752
Steve Lowery,30,1543818,277.1,107,68.06,1.754
Duffy Waldorf,23,1384508,283.4,80,69.41,1.794
Scott Hoch,29,1368888,270.6,108,68.86,1.763
Rocco Mediate,24,1320278,273.6,79,67.75,1.802
Tom Scherrer,33,1263585,274.1,104,67.9,1.771
Rory Sabbatini,26,1262535,285.5,85,63.12,1.75
Shigeki Maruyama,26,1207104,281.1,88,64.33,1.794
Grant Waite,26,1142789,279,85,68.89,1.764
Jeff Maggert,27,1138749,272.7,86,68.45,1.799
Jonathan Kaye,34,1096131,275.1,115,65.82,1.743
Greg Chalmers,28,1063456,278.1,96,68.72,1.754
Sergio Garcia,16,1054338,278.3,59,61.92,1.733
Dudley Hart,24,1048166,272.3,74,69.25,1.788
Scott Dunlap,30,1040244,274.7,106,69.34,1.777
Billy Andrade,31,1004827,272.7,89,62.53,1.748
Brad Faxon,29,999460,264.4,98,64.41,1.704
Fred Couples,19,990215,284.7,71,71.13,1.774
Jim Carter,30,964346,266.4,96,62.74,1.762
Blaine McCallister,30,963974,269.4,104,69.18,1.761
Skip Kendall,32,947118,271.5,114,67.46,1.738
Dennis Paulson,26,896098,284.3,82,62.34,1.786
Kenny Perry,20,889381,282.8,76,71.86,1.776
Frank Lickliter II,31,889153,269.5,107,66.08,1.77
Jeff Sluman,32,877390,265,113,67.81,1.747
Andrew Magee,26,867372,278.3,78,65.83,1.778
Michael Clark II,28,854822,282.1,84,64.72,1.767
J.P. Hayes,26,838054,271.9,91,65.17,1.751
Fred Funk,32,827691,266.6,110,69,1.78
Jerry Kelly,32,784754,274.6,111,66.82,1.757
Jean Van de Velde,22,774249,276,70,64.73,1.772
Len Mattiace,31,762979,273.2,107,65.11,1.789
Lee Janzen,27,753709,274.4,92,67.1,1.769
Stephen Ames,31,747312,274.7,99,67.89,1.758
Carl Paulson,33,741995,284.6,105,67.58,1.783
Tim Herron,28,731925,285,96,66.85,1.781
Kevin Sutherland,27,728635,273.3,98,68.5,1.769
Robert Damron,28,724580,278.9,93,63.61,1.752
Brad Elder,34,700738,276.6,110,66.21,1.766
Esteban Toledo,35,673387,259.2,113,66.12,1.785
Paul Stankowski,22,669709,283.4,77,67.43,1.748
Chris Riley,28,660707,272.9,98,64.72,1.773
Steve Pate,28,649674,271,97,65.4,1.781
Joel Edwards,29,638422,275.2,99,69.14,1.787
Craig Stadler,21,631752,276.4,70,65.57,1.768
Glen Day,28,617242,268.1,93,66.18,1.742
Joe Durant,28,612882,272.1,94,72.34,1.793
Edward Fryatt,32,611209,276.2,101,65.12,1.771
J.L. Lewis,30,610432,278.9,104,68.3,1.776
Harrison Frazar,24,608535,287.3,72,65.95,1.78
Matt Gogel,30,604199,268.3,86,64.55,1.77
Greg Kraft,29,597021,267.7,106,67.92,1.766
Jay Don Blake,29,590109,266.2,95,64.34,1.757
Russ Cochran,25,583605,275,71,67.37,1.77
Brent Geiberger,24,564918,273.8,79,67.33,1.779
Bill Glasson,27,552795,280.8,93,68.58,1.75
Steve Jones,21,548070,278.2,75,61.86,1.748
Bob Estes,21,538706,268.4,68,62.43,1.769
John Cook,28,537105,268.6,90,70.14,1.808
Mark Brooks,29,528959,263.6,91,63.7,1.751
Brian Henninger,29,527741,272.1,93,65.86,1.744
Joe Ogilvie,30,519740,277,95,64.71,1.767
Tom Byrum,27,514193,267.8,91,67.17,1.775
Mark Wiebe,28,511414,269.2,95,64.98,1.788
Craig Parry,22,507308,271.7,73,66.92,1.791
David Sutherland,32,498749,273.4,109,67.79,1.792
Scott McCarron,30,495975,288.5,100,63.32,1.735
Olin Browne,31,494307,266.9,103,68.52,1.808
Brandel Chamblee,21,493906,273.2,72,69.29,1.78
Woody Austin,32,485589,274.5,104,66.39,1.8
Glen Hnatiuk,30,482744,262.1,94,70.8,1.791
Brian Gay,33,482028,264.6,101,64.76,1.744
Bradley Hughes,33,469590,272.1,93,67.41,1.805
Shaun Micheel,31,467431,277.1,94,67.52,1.786
Neal Lancaster,31,466712,272.2,99,65.32,1.803
Billy Mayfair,29,466345,268,93,67.74,1.8
Pete Jordan,31,464480,262.1,102,65.8,1.797
Doug Barron,27,461981,268.3,85,67.41,1.786
Jay Williamson,32,460024,275.8,105,65.47,1.755
David Peoples,28,459812,278,99,69.81,1.787
Larry Mize,21,425624,264.2,71,64.41,1.76
Mark O'Meara,19,424309,267.9,61,58.39,1.763
Steve Stricker,21,418780,276.8,63,61.86,1.77
Bob Tway,30,417646,270.6,91,68.97,1.769
Robin Freeman,32,415430,274.9,98,64.85,1.795
Jimmy Green,27,414509,270.2,85,64.59,1.798
Mathew Goggin,32,414123,286.3,91,69.29,1.809
Jerry Smith,32,406591,264.1,104,65.79,1.796
Gary Nicklaus,30,403982,269.1,84,64.97,1.801
Brandt Jobe,32,402017,281.7,91,67.36,1.802
Paul Goydos,30,398393,263.4,99,63.69,1.751
Tommy Armour III,30,397610,280.3,91,66.04,1.825
Joe Ozaki,18,393316,267.1,55,65.36,1.802
Doug Dunakey,27,393059,278.7,83,65.49,1.774
Bob Burns,29,391075,277.6,91,64.98,1.756
Joey Sindelar,30,388341,273.2,88,67.66,1.792
Tom Pernice Jr.,32,387716,270.7,98,63.66,1.764
Dan Forsman,27,379349,268.6,88,66.92,1.781
Craig Spence,31,346569,273.2,89,61.57,1.797
Sean Murphy,35,339242,271.6,102,64.72,1.769
Kevin Wentworth,31,332293,269.8,83,60.42,1.792
Rick Fehr,24,313701,270.8,73,63.3,1.766
Brian Watts,29,311802,270.4,89,66.22,1.786
K.J. Choi,30,305745,274.9,92,67.04,1.795
Mike Reid,23,299138,251.6,76,67.75,1.781
Craig Perks,28,297912,273.1,82,64.09,1.801
Craig Barlow,31,297672,281.3,98,66.67,1.799
Gabriel Hjertstedt,29,296189,272,86,63.92,1.77
Cameron Beckman,26,291515,280.1,81,66.87,1.798
"Dave Stockton, Jr.",31,290426,267.2,89,64.18,1.776
Barry Cheesman,35,277918,284.1,96,64.99,1.783
Nick Faldo,15,276583,268.3,51,63.33,1.805
Jim McGovern,18,266647,271.6,55,64.99,1.747
Jay Haas,26,265755,266.3,80,63.13,1.786
Robert Gamez,26,259305,271.2,76,68.27,1.777
Rich Beem,29,249881,277.8,84,65.91,1.798
Ted Tryba,37,249437,276.4,112,59.53,1.789
Ben Bates,35,248087,273.5,107,65.33,1.813
Brett Quigley,21,247037,276.4,63,64.73,1.771
Frank Nobilo,28,236476,271,98,66.78,1.791
Dicky Pride,35,233720,266.8,98,63.3,1.789
Steve Elkington,17,232785,274.5,59,68.72,1.826
Brad Fabel,30,219924,263.6,88,61.17,1.766
David Morland IV,31,218648,272.2,88,64.79,1.776
Omar Uresti,34,213433,267.2,94,63.95,1.8
John Maginnes,32,211749,259.7,99,63.64,1.797
Charles Raulerson,32,210093,277.7,98,62.19,1.779
Corey Pavin,25,209883,251.3,74,58.18,1.779
Mike Brisky,31,204232,267.4,89,64.08,1.791
Bob Friend,32,202973,261.4,96,62.98,1.796
Mike Sposa,26,201360,272.3,73,64.92,1.792
Scott Gump,36,193460,262.1,108,66.61,1.831
Trevor Dodds,29,191044,269.7,86,63.82,1.774
Ronnie Black,28,190997,270.4,82,65.82,1.796
Mike Springer,31,182726,267.6,83,62.83,1.745
Michael Bradley,26,179510,275.5,73,63.93,1.789
Tom Purtzer,21,170683,278.9,58,67.86,1.836
John Rollins,27,169570,277.5,72,64.12,1.818
Steve Gotsche,32,164203,272.2,91,65.29,1.771
Jason Buha,29,153862,274.8,82,65.79,1.798
Jeff Gove,31,153753,273.4,86,66.06,1.815
David Frost,25,151123,264.2,65,60.36,1.777
Casey Martin,29,143248,288.3,90,67.23,1.789
Tommy Tolles,20,142248,274.8,60,61.48,1.742
Peter Jacobsen,22,141484,275.8,65,66.24,1.81
Jay Delsing,33,132843,273.9,97,63.14,1.816
Paul Curry,25,128701,255.8,64,58.77,1.768
Bob Heintz,34,127412,277.9,87,60.85,1.781
Bobby Cochran,30,127342,275.7,78,61.77,1.798
Fulton Allem,25,119626,264.8,77,65.04,1.805
John Daly,26,115460,301.4,71,62.08,1.8
Emlyn Aubrey,26,110221,265.3,68,62.85,1.787
Steve Hart,30,107949,259.7,72,57.62,1.818
Perry Moss,21,104735,271.8,53,67.71,1.794
Kelly Gibson,30,103304,284.3,84,69.31,1.841
Ryan Howison,30,99149,264.4,83,60.91,1.794
Eric Booker,31,88615,272.5,87,62.35,1.812
Jason Caron,29,87110,272.7,77,62.22,1.827
Bart Bryant,25,85797,263.7,73,64.99,1.837
P.H. Horgan III,25,80612,264.8,65,63.68,1.799
Aaron Bengoechea,29,60429,281.2,75,62.33,1.828
Mike Hulbert,34,59878,262.4,82,60.42,1.784
Chip Beck,21,56637,258.1,51,59.07,1.768
Nolan Henke,32,47722,262.9,79,63.43,1.839
Keith Nolan,23,46006,262.1,57,60.43,1.808
Craig Bowden,25,34280,260.4,54,61.01,1.815
